smiles,coordinating_atoms_probabilities,predicted_coordinating_atoms,predicted_coordinating_atom_symbols
[C]#[O+],"[0.9982194304466248, 4.7398532387887826e-07]",[0],['C']
CN(C)c1ccc(P(c2ccccc2P(c2ccccc2)c2ccccc2)c2ccccc2P(c2ccccc2)c2ccccc2)cc1,"[2.681977090499693e-13, 5.3213891078485176e-05, 2.6819819694094693e-13, 2.6750720394375094e-07, 1.3234846392151667e-06, 8.685788088769186e-07, 5.115709427627735e-06, 0.9993970394134521, 6.705218766001053e-06, 5.833194336446468e-07, 1.2676090364038828e-06, 7.952457963256165e-07, 4.184420959063573e-06, 1.5884274034760892e-05, 0.9958420395851135, 1.800951940822415e-05, 3.5330863283888903e-06, 3.2360810564568965e-07, 1.864913315330341e-06, 3.2360810564568965e-07, 3.5330863283888903e-06, 1.800951940822415e-05, 3.5330863283888903e-06, 3.2360810564568965e-07, 1.8649116100277752e-06, 3.2360810564568965e-07, 3.5330863283888903e-06, 6.705218766001053e-06, 5.833194336446468e-07, 1.2676090364038828e-06, 7.952457963256165e-07, 4.184420959063573e-06, 1.5884274034760892e-05, 0.9958420395851135, 1.800951940822415e-05, 3.533083145157434e-06, 3.2360810564568965e-07, 1.864913315330341e-06, 3.2360810564568965e-07, 3.533083145157434e-06, 1.800951940822415e-05, 3.5330863283888903e-06, 3.2360810564568965e-07, 1.8649116100277752e-06, 3.2360810564568965e-07, 3.5330863283888903e-06, 8.685788088769186e-07, 1.3234846392151667e-06]","[7, 14, 33]","['P', 'P', 'P']"
CC(C)(C)c1cc(/N=C/c2ccccc2[O-])c2ncc3ccccc3c2c1,"[3.5273583099543204e-12, 1.3313881247478676e-12, 3.5273583099543204e-12, 3.5273583099543204e-12, 8.687265906637265e-10, 1.2953278857516515e-12, 1.3059791149992034e-14, 0.999887228012085, 8.500742865180655e-08, 7.467987472864479e-08, 1.7090309611944576e-08, 1.0002891848159834e-09, 9.976982795478762e-09, 1.9896367575711338e-07, 2.3299106999274954e-07, 0.9998388290405273, 2.3669751258287818e-14, 0.9725390076637268, 1.0960837926177192e-07, 4.44688765810497e-07, 0.00046949804527685046, 0.0008903314010240138, 0.0002195085835410282, 4.077149060321972e-05, 5.154302925802767e-06, 6.62931209927109e-10, 2.6896396221331997e-10]","[7, 15, 17]","['N', 'O', 'N']"
CC(C)(C)c1ccc([O-])c(/C=N/c2cc(C(C)(C)C)cc3c2ncc2ccccc23)c1,"[1.0272312514492121e-11, 5.6233595796366387e-14, 1.0272312514492121e-11, 1.0272312514492121e-11, 1.1497435226104358e-09, 2.634486406805081e-09, 2.2792674414517933e-08, 6.29444798505574e-08, 0.9999252557754517, 2.5159609506886227e-08, 4.9046928296547776e-08, 0.9999356269836426, 1.3728610906242871e-14, 2.105691272388799e-12, 8.687265906637265e-10, 1.3313855226626536e-12, 3.5273513710604165e-12, 3.5273513710604165e-12, 3.5273513710604165e-12, 2.6896396221331997e-10, 6.629299886817819e-10, 2.7867450033236367e-14, 0.9725390076637268, 1.0960837926177192e-07, 4.446892205578479e-07, 0.00046949824900366366, 0.0008903315174393356, 0.0002195085835410282, 4.077152698300779e-05, 5.154302925802767e-06, 1.1476496197815322e-08]","[8, 11, 22]","['O', 'N', 'N']"
CC1(C)[C@H]2CC[C@](C)(C2)[C@@]12OP(c1ccccc1)c1ccccc12,"[3.432896328314783e-11, 1.1231605867578764e-06, 3.432896328314783e-11, 6.820277675956277e-09, 3.838056539251511e-09, 3.3023397350007144e-08, 9.244530696506104e-10, 1.1592390459017055e-12, 1.0303017106139123e-08, 5.219163767833379e-09, 1.7497250155429356e-06, 0.9974193572998047, 3.80578399017395e-07, 5.260289981379174e-06, 8.022027486731531e-08, 1.1975417102405572e-08, 8.022027486731531e-08, 5.260289981379174e-06, 3.2109153835335746e-05, 5.62538843951188e-06, 8.486051228828728e-06, 4.431175057106884e-06, 1.4276229194365442e-05, 6.323938578134403e-05]",[11],['P']
c1ccc(-c2cc(-c3ccccc3)n(-c3ccccn3)n2)cc1,"[0.00010427853703731671, 2.906994041040889e-07, 4.945243927068077e-05, 0.00013379112351685762, 0.000130999309476465, 9.514288831269369e-05, 0.0019396822899580002, 8.053802594076842e-05, 3.8617730751866475e-05, 1.7189800928463228e-05, 0.0001698741689324379, 1.7189800928463228e-05, 3.8617730751866475e-05, 1.9871445147146005e-06, 9.658623412178713e-07, 2.595443220343441e-07, 9.522396027250579e-08, 1.1170371294610959e-07, 7.332209150945346e-08, 0.8930909633636475, 0.991975724697113, 4.945243927068077e-05, 2.906994041040889e-07]","[19, 20]","['N', 'N']"
Oc1ccccc1CN(Cc1[c]cccc1)Cc1ccccc1P(c1ccccc1)c1ccccc1,"[0.38589248061180115, 0.0003148684336338192, 3.007394582255074e-07, 5.941457175140386e-07, 1.9010666107988072e-07, 7.591286703245714e-05, 2.717032293730881e-05, 6.764958726535042e-08, 0.9506943225860596, 4.878927262197408e-10, 3.6316440965578067e-09, 1.0, 3.1521080884333585e-11, 2.158218048720073e-12, 6.503256960721515e-11, 1.6732171204125734e-10, 4.5339939447330835e-07, 3.045052471861709e-05, 2.679951876416453e-06, 1.206810793519253e-06, 2.6959090973832645e-05, 0.00011614560935413465, 0.0003156008315272629, 0.9826435446739197, 9.383695214637555e-06, 1.1735980478988495e-05, 6.1209857449284755e-06, 1.8649116100277752e-06, 6.1209857449284755e-06, 1.1735980478988495e-05, 9.383695214637555e-06, 1.1735980478988495e-05, 6.120985290181125e-06, 1.864913315330341e-06, 6.120985290181125e-06, 1.1735979569493793e-05]","[8, 11, 23]","['N', 'C', 'P']"
[O-]c1ccccc1CN(Cc1[c]cccc1)Cc1ccccc1P(c1ccccc1)c1ccccc1,"[0.9997121691703796, 3.2984328299789922e-06, 1.3155701594769198e-07, 3.093632683359715e-09, 5.0996869921382526e-11, 4.499571915062006e-08, 1.0223160415989696e-06, 1.7239889515963114e-09, 0.9900012016296387, 6.930630982310282e-12, 3.0221114499795476e-10, 1.0, 3.1521080884333585e-11, 2.158218048720073e-12, 6.503256960721515e-11, 1.6732171204125734e-10, 7.842877458585917e-09, 8.191906999854837e-06, 2.679951876416453e-06, 1.206810793519253e-06, 2.6959090973832645e-05, 0.00011614560935413465, 0.0003156008315272629, 0.9826435446739197, 9.383695214637555e-06, 1.1735980478988495e-05, 6.1209857449284755e-06, 1.8649116100277752e-06, 6.1209857449284755e-06, 1.1735980478988495e-05, 9.383695214637555e-06, 1.1735980478988495e-05, 6.120985290181125e-06, 1.864913315330341e-06, 6.120985290181125e-06, 1.1735979569493793e-05]","[0, 8, 11, 23]","['O', 'N', 'C', 'P']"
CN1CCCN(C)CCN(C)CCN(C)CC1,"[7.017886163689091e-14, 0.9789121747016907, 3.6987350426898047e-07, 1.2327803666778436e-08, 3.6987350426898047e-07, 0.9789121747016907, 7.017886163689091e-14, 2.4626810812833355e-08, 2.5061762443101543e-08, 0.9715805649757385, 4.9279994012363035e-14, 4.546346588085726e-08, 4.546346588085726e-08, 0.9715805649757385, 4.9279994012363035e-14, 2.5061762443101543e-08, 2.4626810812833355e-08]","[1, 5, 9, 13]","['N', 'N', 'N', 'N']"
[O-]c1ccccc1/C=N/N(c1ccccc1)c1ccccn1,"[0.9992247819900513, 3.2203568025579443e-06, 4.1623647462074587e-07, 8.014745276341273e-07, 5.147665405047519e-09, 2.959391736112593e-07, 1.0419264981464949e-05, 3.115888148386148e-06, 0.9999107122421265, 2.352804386873686e-07, 4.485364613060483e-08, 1.0359440238971729e-05, 0.0003682161041069776, 0.0004909818526357412, 0.0003682161041069776, 1.0359440238971729e-05, 4.279926413275348e-11, 3.4796348700183444e-06, 6.777938210689172e-07, 2.6609660608301056e-07, 3.958404306558805e-07, 0.9612955451011658]","[0, 8, 21]","['O', 'N', 'N']"
COc1cccc(/C=N/N(c2ccccc2)c2ccccn2)c1[O-],"[7.413005214014501e-13, 0.08312444388866425, 1.0153889888897538e-05, 2.4663297608640278e-06, 5.214101861383824e-07, 3.47184550264501e-06, 1.7527814634377137e-05, 1.2827413229388185e-05, 0.9995736479759216, 9.898926691676024e-07, 3.100327603533515e-07, 1.0359450243413448e-05, 0.0003682161041069776, 0.0004909818526357412, 0.0003682161041069776, 1.0359450243413448e-05, 4.66256033782031e-10, 3.4796314594132127e-06, 6.777938210689172e-07, 2.660965776613011e-07, 3.958404306558805e-07, 0.9612955451011658, 1.1914997230633162e-05, 0.9990261793136597]","[8, 21, 23]","['N', 'N', 'O']"
[O-]c1ccc(Br)cc1/C=N/N(c1ccccc1)c1ccccn1,"[0.9995019435882568, 3.4943900573125575e-06, 4.1394002892047865e-08, 6.466527757709173e-09, 6.672837837840007e-10, 2.0634841058075892e-11, 6.80406486708307e-08, 2.579490455900668e-06, 1.6638057331874734e-06, 0.9999451637268066, 1.3508856966382154e-07, 5.60119666204173e-08, 1.0359440238971729e-05, 0.0003682161041069776, 0.0004909818526357412, 0.0003682161041069776, 1.0359440238971729e-05, 6.590679391127452e-11, 3.4796348700183444e-06, 6.777938210689172e-07, 2.6609660608301056e-07, 3.958404306558805e-07, 0.9612955451011658]","[0, 9, 22]","['O', 'N', 'N']"
CCO/C([S-])=N/N=C1\CCCC\C1=N/N=C(\[S-])OCC,"[5.10009425306627e-19, 3.090178286868639e-12, 8.151780093612615e-06, 5.520293200333981e-08, 0.999998927116394, 9.353760788144427e-08, 0.9999809265136719, 1.0413762907557356e-10, 1.3266934209207881e-12, 6.759086563015715e-13, 6.759086563015715e-13, 1.3266934209207881e-12, 1.0413762907557356e-10, 0.9999809265136719, 9.353760788144427e-08, 5.520293200333981e-08, 0.999998927116394, 8.151780093612615e-06, 3.090178286868639e-12, 5.1000746075267215e-19]","[4, 6, 13, 16]","['S', 'N', 'N', 'S']"
F[C](F)F,"[1.9952926810784533e-10, 0.9999250173568726, 1.9952926810784533e-10, 1.9952926810784533e-10]",[1],['C']
Cc1ccc(/N=C/c2cc(F)ccc2[O-])c(/N=C/c2cc(F)ccc2[O-])c1,"[1.425076341757544e-22, 5.795059918045631e-11, 5.249979964649931e-11, 6.474718493559156e-14, 4.0445978327757695e-20, 0.9999163150787354, 1.2636267854304606e-07, 1.3031345247327408e-07, 5.658793433838127e-09, 1.8154877601261887e-10, 8.323627601243295e-16, 3.9993044986808e-10, 1.832722062999892e-08, 4.882725761490292e-07, 0.9998741149902344, 3.831554557955896e-20, 0.9999204874038696, 9.466962325177519e-08, 5.598213448365641e-09, 3.2688941331571186e-08, 1.8154877601261887e-10, 8.323627601243295e-16, 3.9993044986808e-10, 1.832722062999892e-08, 3.1489933007833315e-06, 0.9998741149902344, 1.33878232935411e-13]","[5, 14, 16, 25]","['N', 'O', 'N', 'O']"
CC(C)c1cccc(C(C)C)c1/N=C(/N=C(\[O-])c1ccccc1)SCc1ccccc1,"[1.3220335416674889e-11, 8.57069026096724e-05, 1.3220335416674889e-11, 1.996333412535023e-05, 3.249878864153288e-05, 3.1645306535210693e-06, 3.249878864153288e-05, 1.996333412535023e-05, 8.57069026096724e-05, 1.3220361437527028e-11, 1.3220335416674889e-11, 6.145171028038021e-06, 0.9966498017311096, 0.00017269287491217256, 9.739613597048447e-05, 1.6672239553372492e-06, 0.999686598777771, 8.366381365476627e-08, 3.5951160270997207e-07, 2.367413209913849e-10, 6.112375558586791e-06, 2.367413209913849e-10, 3.5951160270997207e-07, 0.008835634216666222, 1.3842499129168573e-06, 8.557068213121966e-05, 9.739613597048447e-05, 6.760217843293503e-07, 0.001093472121283412, 6.760217843293503e-07, 9.739613597048447e-05]","[12, 16]","['N', 'O']"
CC(C)c1cccc(C(C)C)c1/N=C(/N=C(\[O-])c1ccc(Cl)cc1)SCc1ccccc1,"[1.3220335416674889e-11, 8.57069026096724e-05, 1.3220335416674889e-11, 1.996333412535023e-05, 3.249878864153288e-05, 3.1645306535210693e-06, 3.249878864153288e-05, 1.996333412535023e-05, 8.57069026096724e-05, 1.3220361437527028e-11, 1.3220335416674889e-11, 6.145171028038021e-06, 0.9966498017311096, 0.0001565020065754652, 0.00010835258581209928, 1.055687562256935e-06, 0.9996873140335083, 5.9475748770410064e-08, 1.2286447770293307e-07, 1.2880170541240687e-10, 6.288211352512008e-06, 6.936062509933782e-13, 1.2880170541240687e-10, 1.2286447770293307e-07, 0.008835634216666222, 1.3842499129168573e-06, 8.557060937164351e-05, 9.739613597048447e-05, 6.760217843293503e-07, 0.001093472121283412, 6.760217843293503e-07, 9.739613597048447e-05]","[12, 16]","['N', 'O']"
C=C/C=C\C=C\Sc1ccccc1P(c1ccccc1)c1ccccc1,"[0.6507782340049744, 0.7114067077636719, 0.7220858335494995, 0.700088620185852, 0.30239883065223694, 0.4018460214138031, 0.7531178593635559, 0.00013491504068952054, 4.289427124604117e-06, 7.860341611376498e-06, 0.00011642903700703755, 6.725148705299944e-05, 7.616832590429112e-05, 0.9975850582122803, 9.707781828183215e-06, 1.672882353886962e-05, 4.197082034806954e-06, 1.8649116100277752e-06, 4.197082034806954e-06, 1.672882353886962e-05, 9.707781828183215e-06, 1.672882353886962e-05, 4.197082034806954e-06, 1.8649116100277752e-06, 4.197082034806954e-06, 1.672882353886962e-05]","[0, 1, 2, 3, 6, 13]","['C', 'C', 'C', 'C', 'S', 'P']"
CS/C([S-])=N/N=C/c1ccc2ccccc2n1,"[2.617745893630432e-17, 0.00032595903030596673, 1.828995976893566e-08, 0.9999308586120605, 0.0001072286322596483, 0.9998763799667358, 6.619914838523755e-09, 7.716904198984409e-11, 6.037168986949837e-08, 3.059622599721479e-08, 6.444859224075117e-08, 6.130424299044535e-05, 0.00034168275306001306, 0.00026808943948708475, 0.00033778807846829295, 1.1945411415581475e-07, 0.9842579364776611]","[3, 5, 16]","['S', 'N', 'N']"
CS/C([S-])=N/N=C/c1cnc2ccccc2n1,"[2.617745893630432e-17, 0.00032595903030596673, 4.5429139561292686e-08, 0.9999308586120605, 0.00011947091115871444, 0.9991543292999268, 1.2503197366342533e-09, 3.3086823211792016e-12, 8.855215227754343e-09, 0.008200404234230518, 6.084458270549931e-09, 0.00010098066559294239, 0.00010642917186487466, 1.6286947357002646e-05, 1.3936312825535424e-05, 7.927841494392851e-08, 0.9874053597450256]","[3, 5, 16]","['S', 'N', 'N']"
Cc1ccc(-c2c3nc(c4ccc(c(-c5ccc(C)cc5)c5ccc([n-]5)c(-c5ccc(C)cc5)c5ccc2[n-]5)n4C)C=C3)cc1,"[2.559033443049613e-13, 2.0814706430888688e-14, 7.392247370302883e-21, 9.020564670336796e-26, 2.959285247405852e-11, 4.1312467335963277e-11, 3.221254729623979e-08, 0.9988861680030823, 3.444021736029449e-17, 1.0567501734781715e-12, 2.8829683529352224e-08, 0.04545103386044502, 0.0021194627042859793, 5.307027040046819e-10, 3.983370334026404e-05, 1.086501236202686e-10, 1.1874078109652686e-10, 1.976837166184353e-10, 2.5590383219593893e-13, 1.1874078109652686e-10, 1.086501236202686e-10, 3.896845549631598e-17, 5.049859998478706e-14, 4.2084941753728344e-08, 3.380288271515042e-10, 0.9999995231628418, 6.471580216160788e-11, 1.4186380369041185e-11, 4.994560166542152e-29, 2.480324818582499e-31, 3.685053709621533e-26, 2.559033443049613e-13, 2.4803060106728857e-31, 4.994560166542152e-29, 4.782499808501928e-13, 6.912537764414139e-10, 7.725905418892731e-14, 6.71234402337998e-18, 1.0, 0.04946913197636604, 3.2225520944220362e-15, 1.0727224442064198e-08, 2.436268187011592e-05, 9.020564670336796e-26, 7.392247370302883e-21]","[7, 25, 38]","['N', 'N', 'N']"
Cc1ccc(-c2c3nc(c4ccc([n-]4)c(-c4ccc(C)cc4)c4ccc(c(-c5ccc(C)cc5)c5ccc2[n-]5)n4C)C=C3)cc1,"[2.559033443049613e-13, 2.0814706430888688e-14, 7.392247370302883e-21, 9.020564670336796e-26, 1.0107434889050637e-09, 1.3508602023648564e-06, 4.137766396183906e-08, 0.9998724460601807, 1.9318371844411212e-20, 3.6904465829195297e-16, 1.1199523530791566e-09, 5.87052673139965e-09, 2.883164142986061e-07, 0.9863573312759399, 2.2415484636439942e-05, 0.00045826530549675226, 1.086501236202686e-10, 1.1874078109652686e-10, 1.976837166184353e-10, 2.559033443049613e-13, 1.1874078109652686e-10, 1.086501236202686e-10, 6.48181012365967e-05, 0.00014518153329845518, 0.00014518153329845518, 3.524008207023144e-05, 1.7624095960400155e-07, 1.6453710486530326e-05, 1.086501236202686e-10, 1.1874078109652686e-10, 1.976837166184353e-10, 2.559033443049613e-13, 1.1874078109652686e-10, 1.086501236202686e-10, 1.7203542410082484e-11, 1.023976597958054e-10, 4.3101529456635035e-08, 8.829660336218126e-10, 0.9999899864196777, 0.6932316422462463, 1.1876284687655007e-16, 5.191599927734103e-10, 3.22738524118904e-05, 9.020564670336796e-26, 7.392247370302883e-21]","[7, 13, 38, 39]","['N', 'N', 'N', 'N']"
Cc1[c]ccc(COc2c(F)c(F)c(F)c(F)c2F)c1,"[6.045190288292163e-15, 3.680634108604863e-08, 1.0, 3.183562569120113e-07, 1.0894993351939775e-07, 1.1477726502562291e-07, 2.7810200323163947e-11, 9.933216915669618e-07, 5.181277629162651e-07, 0.01329769752919674, 2.458478143285703e-10, 0.005436938721686602, 8.39528654927868e-11, 7.444433867931366e-05, 7.075044022863963e-11, 0.005436938721686602, 8.39528654927868e-11, 0.01329769752919674, 2.458478143285703e-10, 4.4448438529798295e-07]",[2],['C']
c1cc2nc(c1)CNCCCN1CCN(CCCNC2)CC1,"[8.921761462943323e-08, 3.190144681752827e-08, 1.0791759708084214e-09, 0.9812615513801575, 1.0791759708084214e-09, 3.190144681752827e-08, 5.1569547243612845e-12, 0.9817506670951843, 4.89759566235648e-09, 1.292325968460517e-10, 2.1124415994222545e-08, 0.9879167675971985, 6.344206410213715e-11, 6.344206410213715e-11, 0.9879167675971985, 2.1124415994222545e-08, 1.292325968460517e-10, 4.89759566235648e-09, 0.9817506670951843, 5.1569542906804156e-12, 6.344205716324325e-11, 6.344205716324325e-11]","[3, 7, 11, 14, 18]","['N', 'N', 'N', 'N', 'N']"
Cc1nc2ccccc2n1C,"[4.539709926742628e-15, 1.4305734339359333e-06, 0.9819523692131042, 0.0002217556902905926, 0.0020759848412126303, 0.0007312385132536292, 0.0006061979220248759, 0.0007094746106304228, 0.0024353270418941975, 5.846434578415938e-05, 6.529253947538472e-16]",[2],['N']
N/C([S-])=N/N=C/c1cc(Cl)cc(Cl)c1[O-],"[1.1170983270858414e-05, 4.821727461745695e-10, 0.9999998807907104, 1.5104347994565614e-06, 0.9999939203262329, 1.1002535771353905e-08, 7.010228131321128e-08, 1.7970159804647778e-09, 8.591495292975537e-10, 6.921650430683499e-15, 5.860217172637405e-11, 1.1019636758646811e-07, 1.2945000626984893e-09, 4.005835663178914e-08, 0.999561607837677]","[2, 4, 14]","['S', 'N', 'O']"
Brc1c[c]c(-c2ccccn2)cc1,"[1.6605238234781994e-12, 2.643840224872407e-12, 1.1950311851194328e-09, 1.0, 2.5171570428028645e-07, 3.98732794337775e-07, 1.0417374340931929e-07, 8.088391623140012e-10, 3.148784705198082e-11, 1.8664449152883122e-10, 0.9934502840042114, 1.0426627339299444e-09, 5.869325581109308e-10]","[3, 10]","['C', 'N']"
CP(c1ccccc1P(C)C(C)(C)C)C(C)(C)C,"[2.608578907352041e-14, 0.9989674091339111, 9.726584721647669e-06, 3.0514988225149864e-07, 2.0242437059891927e-08, 2.0242437059891927e-08, 3.0514988225149864e-07, 9.726584721647669e-06, 0.9989674091339111, 2.608578907352041e-14, 1.0119263649244203e-08, 3.7283603938551013e-13, 3.7283603938551013e-13, 3.7283603938551013e-13, 1.0119263649244203e-08, 3.7283603938551013e-13, 3.7283603938551013e-13, 3.7283603938551013e-13]","[1, 8]","['P', 'P']"
Cc1cccc(/C=N/C(C)(C)C(C)(C)/N=C/c2cccc(C)c2[O-])c1[O-],"[9.634159789384533e-13, 2.980494855364668e-06, 1.0644392887115828e-06, 4.6377373053019255e-09, 5.305534145350066e-08, 5.3407375162350945e-06, 9.90102307696361e-07, 0.9998973608016968, 1.8509636933003114e-17, 3.7068665601240267e-14, 3.7068665601240267e-14, 1.8509636933003114e-17, 3.7068665601240267e-14, 3.7068665601240267e-14, 0.9998973608016968, 9.90102307696361e-07, 5.3407375162350945e-06, 5.305534145350066e-08, 4.6377373053019255e-09, 1.0644392887115828e-06, 2.980492126880563e-06, 9.634159789384533e-13, 7.38252310839016e-07, 0.9996287822723389, 7.38252310839016e-07, 0.9996287822723389]","[7, 14, 23, 25]","['N', 'N', 'O', 'O']"
c1ccc(P(c2ccccc2)c2ccccc2CC2C3=C(C4=C2c2ccccc2Cc2ccccc24)c2ccccc2Cc2ccccc23)cc1,"[1.8649116100277752e-06, 6.1209857449284755e-06, 6.491088424809277e-05, 1.766223431332037e-05, 0.9933664202690125, 1.766223431332037e-05, 6.491088424809277e-05, 6.1209857449284755e-06, 1.864909677351534e-06, 6.1209857449284755e-06, 6.491088424809277e-05, 6.748217856511474e-05, 0.0001651932834647596, 0.00031684536952525377, 7.692520739510655e-05, 7.506644760724157e-05, 0.0008338346960954368, 1.262994260287087e-07, 5.270279643809772e-07, 0.9462950229644775, 0.9441770315170288, 0.9441770315170288, 0.9462950825691223, 0.04970252141356468, 0.006387788336724043, 0.0338921844959259, 0.03663080930709839, 0.014318254776299, 0.015131459571421146, 2.721900500546326e-07, 0.006052451208233833, 0.00020464209956116974, 0.0014318334870040417, 0.0016996889607980847, 0.0030069220811128616, 0.04259408265352249, 0.042594064027071, 0.0030069220811128616, 0.0016996873309835792, 0.0014318334870040417, 0.00020464209956116974, 0.006052451208233833, 2.721900500546326e-07, 0.01513145212084055, 0.014318249188363552, 0.036630820482969284, 0.0338921844959259, 0.006387788336724043, 0.04970254749059677, 6.491088424809277e-05, 6.120985290181125e-06]","[4, 19, 20, 21, 22]","['P', 'C', 'C', 'C', 'C']"
c1ccc(P(c2ccccc2)c2ccccc2CC2(Cc3ccccc3P(c3ccccc3)c3ccccc3)C3=C(C4=C2c2ccccc2Cc2ccccc24)c2ccccc2Cc2ccccc23)cc1,"[1.8649116100277752e-06, 6.1209857449284755e-06, 9.904188482323661e-05, 1.7520476831123233e-05, 0.988572359085083, 1.7520476831123233e-05, 9.904188482323661e-05, 6.1209857449284755e-06, 1.864909677351534e-06, 6.1209857449284755e-06, 9.904188482323661e-05, 5.7476761867292225e-05, 0.00021890080824960023, 0.00019333111413288862, 6.7765563471766654e-06, 2.005010719585698e-05, 0.0001467795082135126, 3.555776473262995e-08, 3.815279342234135e-06, 3.555776473262995e-08, 0.0001467795082135126, 2.005010719585698e-05, 6.7765563471766654e-06, 0.00019333130330778658, 0.00021890080824960023, 5.7476761867292225e-05, 0.988572359085083, 1.7520476831123233e-05, 9.904207399813458e-05, 6.1209857449284755e-06, 1.864913315330341e-06, 6.1209857449284755e-06, 9.904207399813458e-05, 1.7520476831123233e-05, 9.904188482323661e-05, 6.1209857449284755e-06, 1.8649116100277752e-06, 6.1209857449284755e-06, 9.90419794106856e-05, 0.6622403860092163, 0.1817060261964798, 0.1817060112953186, 0.6622404456138611, 0.023723848164081573, 0.004864240065217018, 0.020179901272058487, 0.039914485067129135, 0.006807257421314716, 0.010009435936808586, 3.879192149724986e-07, 0.05936140567064285, 0.0006362925050780177, 0.002396629424765706, 0.002238132059574127, 0.015967825427651405, 0.01751088723540306, 0.01751088723540306, 0.015967825427651405, 0.002238130895420909, 0.002396629424765706, 0.0006362927961163223, 0.05936140567064285, 3.87918845490276e-07, 0.010009435936808586, 0.006807254161685705, 0.039914485067129135, 0.020179901272058487, 0.004864242859184742, 0.023723848164081573, 9.904188482323661e-05, 6.120985290181125e-06]","[4, 26, 39, 42]","['P', 'P', 'C', 'C']"
c1ccc(COCCN(Cc2ccccn2)Cc2nccc3ccccc23)nc1,"[4.775514025823213e-05, 8.689085370860994e-05, 3.0043560172998696e-07, 5.745739528606464e-08, 2.4685486987863214e-09, 0.742724597454071, 1.611436123427623e-10, 8.008336771503366e-10, 0.9851422905921936, 8.490157910046037e-09, 6.263346108426049e-08, 4.795766628262754e-08, 9.209754070482745e-10, 9.776445625275798e-11, 1.1188202447831586e-10, 0.9291206002235413, 5.270613723240558e-09, 1.1412009115474575e-07, 0.9337182641029358, 3.108500956638949e-10, 6.237826921662304e-10, 1.6641978106690658e-07, 1.324468257735134e-06, 5.156165934749879e-05, 1.5873249139986e-05, 1.779259582690429e-05, 6.32865408078942e-07, 0.8480475544929504, 1.4542937606165651e-05]","[5, 8, 15, 18, 27]","['O', 'N', 'N', 'N', 'N']"
c1ccc2c(COCCN(Cc3nccc4ccccc34)Cc3nccc4ccccc34)nccc2c1,"[0.0018043427262455225, 0.0020451457239687443, 0.0011906849686056376, 3.2668456242390675e-06, 6.009080522062504e-08, 8.250973237977632e-10, 0.7234959006309509, 2.2425124257541285e-10, 5.578640882575314e-10, 0.9875504374504089, 2.5289259575345113e-09, 7.661419942905923e-08, 0.9296190142631531, 3.108500956638949e-10, 6.237838579004062e-10, 1.6641978106690658e-07, 1.324469508290349e-06, 5.156170664122328e-05, 1.5873249139986e-05, 1.779261219780892e-05, 5.399404017225606e-07, 2.5289259575345113e-09, 7.661419942905923e-08, 0.9296190142631531, 3.108500956638949e-10, 6.237838579004062e-10, 1.6641978106690658e-07, 1.324469508290349e-06, 5.156170664122328e-05, 1.5873249139986e-05, 1.7792579455999658e-05, 5.399404017225606e-07, 0.8673380017280579, 4.8727242756285705e-06, 3.6797955544898286e-05, 0.0001419850450474769, 0.0013864170759916306]","[6, 9, 12, 23, 32]","['O', 'N', 'N', 'N', 'N']"
Cc1cc(C)c(-c2[c]n(-c3c(C)cc(C)cc3C)n[n+]2CCCCCCN=[N+]=[N-])c(C)c1,"[2.7079608087149376e-13, 8.680628980073379e-07, 8.906227776606102e-06, 5.8771005569724366e-05, 1.119046591502304e-10, 1.3237556117928762e-07, 1.3604781301523872e-08, 1.0, 4.6657206986822075e-09, 2.9326329240575433e-05, 3.942660623579286e-05, 2.177231034350413e-10, 1.8208049368695356e-05, 0.00014652725076302886, 1.0573952737708003e-12, 1.8208083929494023e-05, 3.942660623579286e-05, 2.177231034350413e-10, 2.91213773095933e-08, 1.328407783773855e-08, 3.692740557781349e-13, 3.586487329343413e-09, 1.0189559612738819e-10, 8.767621295646677e-09, 1.131573679202802e-08, 2.2264606513999752e-07, 0.4510095417499542, 0.0023951763287186623, 0.014094226062297821, 5.8771005569724366e-05, 1.119046591502304e-10, 8.906227776606102e-06]",[7],['C']
[c]1sccc1/C=N/[C@@H]1CCCC[C@H]1/N=C/c1ccsc1,"[1.0, 5.7358927733730525e-05, 9.327348893251042e-10, 2.1772601777048095e-10, 5.879847164713681e-10, 2.71223007075605e-06, 0.9926580786705017, 1.6889635374409302e-14, 6.451568723697676e-10, 1.6739626573780697e-08, 4.701713685051345e-09, 3.473890686223058e-08, 2.6804466979335473e-10, 0.9653345942497253, 0.001752627664245665, 3.110206307610497e-05, 3.0247958420659415e-05, 3.4382930607534945e-05, 0.001109187607653439, 2.44545230998483e-06]","[0, 6, 13]","['C', 'N', 'N']"
CC(C)(C)N(C(=O)[N-]c1ccccc1)C(=O)[N-]c1ccccc1,"[6.75796156773649e-14, 4.889920135475734e-10, 6.75796156773649e-14, 6.75796156773649e-14, 0.4646739363670349, 2.8066882805433124e-05, 0.012805973179638386, 0.9992803931236267, 1.533977956569288e-05, 1.3818724255543202e-05, 2.914471451731515e-06, 0.00014419067883864045, 2.914471451731515e-06, 1.3818724255543202e-05, 2.8066882805433124e-05, 0.012805973179638386, 0.9992803931236267, 1.533977956569288e-05, 1.3818724255543202e-05, 2.914471451731515e-06, 0.00014419067883864045, 2.914471451731515e-06, 1.3818724255543202e-05]","[7, 16]","['N', 'N']"
CSCCN1CCN(CCSC)CCN(CCSC)CC1,"[1.389916556415044e-13, 0.9034919142723083, 4.665098085609998e-09, 1.5436141254099311e-10, 0.9505361318588257, 5.706187744536351e-10, 5.706187744536351e-10, 0.9505361318588257, 1.5436141254099311e-10, 4.665098085609998e-09, 0.9034919142723083, 1.389916556415044e-13, 5.706187744536351e-10, 5.706187744536351e-10, 0.9505361318588257, 1.5436141254099311e-10, 4.665098085609998e-09, 0.9034919142723083, 1.389916556415044e-13, 5.706187189424838e-10, 5.706187189424838e-10]","[1, 4, 7, 10, 14, 17]","['S', 'N', 'N', 'S', 'N', 'S']"
CN(C)C,"[2.038798296855049e-11, 0.753997266292572, 2.038798296855049e-11, 2.038798296855049e-11]",[1],['N']
CCC(C)(C)/N=C/c1ccccc1[O-],"[2.579145013878459e-12, 1.596544119131238e-09, 1.443179309509792e-14, 3.3677738815255363e-16, 3.3677738815255363e-16, 0.9893996119499207, 0.00024230813141912222, 2.164754732802976e-05, 2.242665146923173e-07, 2.042135571755921e-09, 7.741489298496163e-07, 4.012117926777137e-07, 1.0212712368229404e-05, 0.9998043179512024]","[5, 13]","['N', 'O']"
O=[N+]([O-])c1ccc([N+](=O)[O-])c([O-])c1,"[2.590278018033132e-05, 8.733692880014132e-08, 1.1022764738299884e-05, 4.126576459384523e-05, 3.6817960790358484e-05, 1.5470486687263474e-05, 0.001822311314754188, 3.97911071559065e-06, 0.18484289944171906, 0.19196009635925293, 3.007015766343102e-05, 0.993689775466919, 0.00012378890824038535]",[11],['O']
C(=N/[N-]c1ccccc1)\c1cccs1,"[0.002929589943960309, 0.8106253147125244, 0.9993851184844971, 0.002388371154665947, 0.0007620887481607497, 4.047836227982771e-06, 0.00017133857181761414, 4.047836227982771e-06, 0.0007620887481607497, 0.0008256696746684611, 0.0006514193955808878, 0.00014963750436436385, 3.1076713639777154e-05, 0.0046073803678154945]","[1, 2]","['N', 'N']"
CC(C)=N[N-]c1ccccc1,"[2.1722191753670295e-11, 0.01143964659422636, 2.1722191753670295e-11, 0.8888821005821228, 0.9982012510299683, 0.0008599197026342154, 0.00015113168046809733, 5.986440214655886e-07, 2.1171898367811082e-07, 5.986440783090075e-07, 0.00015113168046809733]","[3, 4]","['N', 'N']"
CCC/N=C/c1ccccc1[O-],"[7.199523231271945e-14, 1.2724691959842271e-11, 6.643545161902679e-16, 0.9974880218505859, 5.7234676205553114e-05, 2.278310785186477e-05, 7.864601059281995e-08, 1.3254175534882506e-10, 1.2083202216572886e-09, 2.1889714929557158e-08, 1.8938803805212956e-06, 0.9999644756317139]","[3, 11]","['N', 'O']"
Cc1ccc(/N=C/c2ccccc2[N-]c2ccc(C)cc2)cc1,"[3.1832560257723125e-17, 1.6913759282033425e-07, 9.067627204650819e-10, 2.937814713721565e-10, 3.3182144532073465e-11, 0.9925135970115662, 0.005805663298815489, 0.00021015801758039743, 1.0142567816728842e-06, 2.8372490135097905e-08, 2.056050263377074e-08, 3.9248027405847097e-07, 0.00015521114983130246, 0.99998939037323, 3.466548150754534e-05, 1.202195221594593e-06, 6.924083209014498e-07, 4.493484084377997e-06, 4.06167319808361e-17, 6.924083209014498e-07, 1.202195221594593e-06, 2.937814713721565e-10, 9.067627204650819e-10]","[5, 13]","['N', 'N']"
Cc1ccc(S(=O)(=O)[N-]c2ccccc2/C=N/c2ccc(F)c(F)c2)cc1,"[1.0881638514589312e-15, 1.2006394172203727e-06, 1.4731364572639905e-08, 4.956222596774751e-07, 0.00014704428031109273, 3.824095901050484e-11, 0.0571405403316021, 0.0571405403316021, 0.9993127584457397, 5.342983968148474e-06, 1.4460031252383487e-06, 4.546387710746558e-09, 7.048815575672052e-08, 1.3449711389057484e-07, 0.00020474885241128504, 0.011137153021991253, 0.9853954911231995, 2.006037523594184e-11, 1.4906674505876794e-10, 4.268930209327948e-10, 5.647321277280071e-09, 2.8038769223082127e-13, 3.478700938419621e-10, 1.1354001506341804e-12, 2.0820943580357465e-10, 4.956222596774751e-07, 1.4731364572639905e-08]","[8, 16]","['N', 'N']"
Cc1ccc(S(=O)(=O)[N-]c2ccccc2/C=N/c2c(F)cc(F)cc2F)cc1,"[1.0881638514589312e-15, 1.2006394172203727e-06, 1.4731364572639905e-08, 4.956222596774751e-07, 0.00014704428031109273, 3.824095901050484e-11, 0.0571405403316021, 0.0571405403316021, 0.9991996884346008, 2.4973256586235948e-05, 2.5782312604860635e-06, 4.546387710746558e-09, 4.792136465425756e-08, 8.620628477729042e-07, 0.0005567619227804244, 0.014841949567198753, 0.9845490455627441, 8.1026201373402e-12, 2.0004446710242263e-10, 4.119551988424064e-08, 1.3934816633920377e-09, 8.539012696928694e-08, 8.105162049333592e-14, 1.3934816633920377e-09, 2.0004446710242263e-10, 4.119551988424064e-08, 4.956222596774751e-07, 1.4731392106170915e-08]","[8, 16]","['N', 'N']"
Cc1ccc(S(=O)(=O)[N-]c2ccccc2/C=N/c2cc(F)ccc2F)cc1,"[1.0881638514589312e-15, 1.2006394172203727e-06, 1.4731364572639905e-08, 4.956222596774751e-07, 0.00014704428031109273, 3.824095901050484e-11, 0.0571405403316021, 0.0571405403316021, 0.9991829991340637, 6.128444510977715e-06, 1.8304531295143533e-06, 4.546387710746558e-09, 2.3812416927171398e-08, 1.373500850831988e-07, 0.00018955070117954165, 0.015546559356153011, 0.9842333197593689, 2.2367699706316024e-11, 5.126860602722161e-10, 3.044551277753271e-08, 4.368591534527344e-13, 4.869189140777053e-08, 1.1538302757685415e-08, 2.1024866569963052e-10, 3.78654156918401e-08, 4.956222596774751e-07, 1.4731364572639905e-08]","[8, 16]","['N', 'N']"
C(=N/N(c1ccccc1)c1ccccn1)\c1ccccc1,"[0.002962513128295541, 0.9715221524238586, 0.003340895986184478, 0.025388319045305252, 0.005220853723585606, 0.0003682161041069776, 0.0004909818526357412, 0.0003682161041069776, 0.005220853723585606, 4.714441456599161e-05, 0.00019452265405561775, 6.777938210689172e-07, 2.660965776613011e-07, 3.958404306558805e-07, 0.9522712826728821, 3.8732214306946844e-05, 9.236950427293777e-05, 0.00010183714766753837, 0.0616641528904438, 0.00010183714766753837, 9.236950427293777e-05]","[1, 14]","['N', 'N']"
[CH2]c1cc(C)ccc1P(CCNCCP(c1ccc(C)cc1[CH2])c1ccc(C)cc1C)c1ccc(C)cc1C,"[0.9999915361404419, 7.429583206430834e-07, 2.955380651314954e-08, 1.970894381031485e-08, 1.8490200876945108e-20, 7.495436493698548e-10, 9.008859214176823e-10, 3.010823320437339e-06, 0.9807581901550293, 7.833794030132069e-11, 2.658439961222836e-11, 0.9600710272789001, 2.6584448184485687e-11, 7.833794030132069e-11, 0.9807581901550293, 3.010823320437339e-06, 9.008859214176823e-10, 7.495436493698548e-10, 1.970894381031485e-08, 1.8490270347191866e-20, 2.955380651314954e-08, 7.429583206430834e-07, 0.9999915361404419, 1.8708690152635654e-09, 3.0287054114674916e-11, 4.9511245797662085e-12, 1.9349415936176229e-07, 4.3168573582650347e-16, 1.4690586525034632e-09, 6.576355571219494e-10, 1.9397251166397567e-11, 1.8708690152635654e-09, 3.0287054114674916e-11, 4.9511245797662085e-12, 1.9349415936176229e-07, 4.3168573582650347e-16, 1.4690586525034632e-09, 6.576355571219494e-10, 1.9397251166397567e-11]","[0, 8, 11, 14, 22]","['C', 'P', 'N', 'P', 'C']"
[CH2]c1cc(C)cc(C)c1P(CCNCCP(c1c([CH2])cc(C)cc1C)c1c(C)cc(C)cc1C)c1c(C)cc(C)cc1C,"[0.999994158744812, 2.3848202545195818e-05, 3.7513069628403173e-07, 8.007485341465781e-09, 2.727602543616893e-20, 8.345993229852411e-09, 8.244009030988764e-09, 3.296986639321313e-14, 2.896284786402248e-05, 0.9585850834846497, 3.822617222759561e-10, 3.236461446065597e-11, 0.9747953414916992, 3.2364552010610836e-11, 3.822617222759561e-10, 0.9585850834846497, 2.896284786402248e-05, 2.3848202545195818e-05, 0.999994158744812, 3.7513069628403173e-07, 8.007485341465781e-09, 2.727613206491977e-20, 8.345993229852411e-09, 8.244009030988764e-09, 3.296986639321313e-14, 5.555410798052662e-09, 1.0026578456390212e-09, 3.349020366583133e-11, 1.8074048924177077e-08, 5.473314377013594e-05, 6.17807535815626e-15, 1.8074048924177077e-08, 1.0026578456390212e-09, 3.349020366583133e-11, 5.555410798052662e-09, 1.0026558472375768e-09, 3.349020366583133e-11, 1.8074082674957026e-08, 5.473314377013594e-05, 6.17807535815626e-15, 1.8074082674957026e-08, 1.0026558472375768e-09, 3.349020366583133e-11]","[0, 9, 12, 15, 18]","['C', 'P', 'N', 'P', 'C']"
O=S(=O)([O-])c1ccc(/[NH+]=N/c2c([O-])ccc3ccccc23)cc1,"[0.0041155521757900715, 2.7142020185208504e-13, 0.0041155521757900715, 0.46707430481910706, 1.5316682038246654e-06, 0.0007531281444244087, 7.281302714545745e-06, 3.188369248618983e-07, 0.0027924187015742064, 0.06670074164867401, 3.215738615836017e-05, 1.964628609130159e-05, 0.9974504113197327, 2.862948917936592e-07, 2.5712597562232986e-07, 3.486629296389765e-08, 1.674988396871413e-07, 6.053824108676054e-06, 0.00010101794032379985, 0.00012837722897529602, 1.3954434052720899e-06, 7.281302714545745e-06, 0.0007531281444244087]",[12],['O']
CC(=N\c1c(C)cc(C)cc1C)/C(C)=N/c1c(C)cc(C)cc1-c1ccc(C)cc1,"[7.38192855773796e-15, 2.6531601179158315e-05, 0.9992883801460266, 1.5523338170453371e-09, 3.5277940568789745e-09, 1.3819815517651657e-12, 1.4976203033256752e-07, 1.602703889602708e-07, 2.446745037625968e-18, 1.4976203033256752e-07, 3.5277940568789745e-09, 1.3819815517651657e-12, 3.6076316973776557e-06, 1.9849014067421631e-16, 0.9997664093971252, 9.176548410039231e-09, 5.025320715112969e-10, 4.175533887835342e-13, 2.1655444015777903e-07, 4.0115324395628704e-07, 2.875907432524099e-18, 7.540208457612607e-07, 3.573412854507296e-08, 0.001197535078972578, 9.720955858938396e-06, 4.5512049240414854e-08, 1.3984893485030625e-05, 8.60586504402433e-13, 4.5512049240414854e-08, 9.720955858938396e-06]","[2, 14]","['N', 'N']"
CC(=N\c1c(C)cc(C)cc1C)/C(C)=N/c1c(-c2ccc(C)cc2)cc(C)cc1-c1ccc(C)cc1,"[3.1904561102264395e-15, 1.653664185141679e-05, 0.9995988011360168, 1.5523395902050652e-09, 3.5278007182171223e-09, 1.3819842622705969e-12, 1.4976188822402037e-07, 1.602703889602708e-07, 2.4467357318440767e-18, 1.4976188822402037e-07, 3.5277940568789745e-09, 1.3819842622705969e-12, 1.1890250789292622e-05, 4.1367162143945025e-16, 0.9979046583175659, 1.074042899062988e-08, 5.969824634632914e-09, 0.0003614475135691464, 7.322124133679608e-07, 1.9018466801412615e-09, 1.3984908036945853e-05, 8.605848780991743e-13, 1.9018466801412615e-09, 7.322124133679608e-07, 4.148387802160869e-07, 7.419656640195171e-07, 7.174309609637397e-19, 4.1483838231215486e-07, 5.969824634632914e-09, 0.0003614473680499941, 7.322124133679608e-07, 1.9018466801412615e-09, 1.3984908036945853e-05, 8.605848780991743e-13, 1.9018466801412615e-09, 7.322124133679608e-07]","[2, 14]","['N', 'N']"
CC(=N\c1c(C)cc(C)cc1-c1ccc(C)cc1)/C(C)=N/c1c(C)cc(C)cc1-c1ccc(C)cc1,"[1.217848486741166e-16, 1.5431247675223858e-06, 0.9996997117996216, 9.176531534649257e-09, 5.025320715112969e-10, 4.1755417483010926e-13, 2.1655444015777903e-07, 4.0115250499184185e-07, 2.875907432524099e-18, 7.540215847257059e-07, 3.5734061043513066e-08, 0.0011975346133112907, 9.720955858938396e-06, 4.551196397528656e-08, 1.3984908036945853e-05, 8.605848780991743e-13, 4.551196397528656e-08, 9.720955858938396e-06, 1.5431247675223858e-06, 1.217848486741166e-16, 0.9996997117996216, 9.176531534649257e-09, 5.025320715112969e-10, 4.175533887835342e-13, 2.1655444015777903e-07, 4.0115250499184185e-07, 2.875907432524099e-18, 7.540215847257059e-07, 3.5734061043513066e-08, 0.0011975346133112907, 9.720955858938396e-06, 4.551196397528656e-08, 1.3984908036945853e-05, 8.605848780991743e-13, 4.551196397528656e-08, 9.720955858938396e-06]","[2, 20]","['N', 'N']"
CC(=N\c1c(C)cc(C)cc1-c1ccc(C)cc1)/C(C)=N/c1c(-c2ccc(C)cc2)cc(C)cc1-c1ccc(C)cc1,"[5.503593927806856e-17, 1.0050910077552544e-06, 0.9998437166213989, 9.176531534649257e-09, 5.025320715112969e-10, 4.1755417483010926e-13, 2.1655444015777903e-07, 4.0115250499184185e-07, 2.875907432524099e-18, 7.540215847257059e-07, 3.5734061043513066e-08, 0.0011975346133112907, 9.720955858938396e-06, 4.551196397528656e-08, 1.3984908036945853e-05, 8.605848780991743e-13, 4.551196397528656e-08, 9.720955858938396e-06, 3.9580413613293786e-06, 3.339908879841034e-16, 0.9978175163269043, 1.0740408562526227e-08, 5.969824634632914e-09, 0.0003614475135691464, 7.322124133679608e-07, 1.9018466801412615e-09, 1.3984908036945853e-05, 8.605848780991743e-13, 1.9018466801412615e-09, 7.322124133679608e-07, 4.148387802160869e-07, 7.419656640195171e-07, 7.174309609637397e-19, 4.148387802160869e-07, 5.969824634632914e-09, 0.0003614473680499941, 7.322124133679608e-07, 1.9018466801412615e-09, 1.3984908036945853e-05, 8.605848780991743e-13, 1.9018466801412615e-09, 7.322124133679608e-07]","[2, 20]","['N', 'N']"
CC(=N\c1c(C)cc(-c2ccc(C)cc2)cc1-c1ccc(C)cc1)/C(C)=N/c1c(C)cc(-c2ccc(C)cc2)cc1-c1ccc(C)cc1,"[1.217848486741166e-16, 1.900550523714628e-05, 0.9986928105354309, 6.588398715479116e-09, 2.5614523835315595e-08, 5.205354376702775e-13, 1.0717008080973756e-06, 4.954109499522019e-06, 2.934656095021637e-06, 0.0004952230956405401, 0.001104142633266747, 0.015886034816503525, 6.115254244827562e-13, 0.001104142633266747, 0.0004952233284711838, 1.2033746315864846e-05, 2.1694231691071764e-06, 0.0003442277666181326, 1.4879605259920936e-05, 1.3058810033328427e-08, 1.3984908036945853e-05, 8.605848780991743e-13, 1.3058810033328427e-08, 1.4879588889016304e-05, 1.900550523714628e-05, 1.217848486741166e-16, 0.9986928105354309, 6.588398715479116e-09, 2.5614523835315595e-08, 5.205354376702775e-13, 1.0717008080973756e-06, 4.954114046995528e-06, 2.934656095021637e-06, 0.0004952230956405401, 0.001104142633266747, 0.015886034816503525, 6.115254244827562e-13, 0.001104142633266747, 0.0004952233284711838, 1.2033746315864846e-05, 2.1694231691071764e-06, 0.0003442277666181326, 1.4879605259920936e-05, 1.3058810033328427e-08, 1.3984908036945853e-05, 8.605848780991743e-13, 1.3058810033328427e-08, 1.4879588889016304e-05]","[2, 26]","['N', 'N']"
Cc1cc(C)n(-c2ncn(C)n2)n1,"[3.5369173613671555e-16, 9.64808606340739e-08, 1.6455593367936672e-06, 7.47642625356093e-05, 1.7470474665461783e-13, 1.0124167282299368e-08, 1.901448598573552e-08, 0.9623852372169495, 5.075107695207137e-11, 2.144357267752639e-06, 2.262250036873069e-16, 0.07244787365198135, 0.9865418672561646]","[7, 12]","['N', 'N']"
Cc1ccc(-c2cc(C)cc3[n-]c(-c4nc5cc(C)cc(-c6ccc(C)cc6)c5[nH]4)nc23)cc1,"[8.605848780991743e-13, 0.00029607649776153266, 1.6058440451161005e-05, 0.0009588022949174047, 0.00037443029577843845, 1.2412087926350068e-05, 0.004059582017362118, 1.9273461475677323e-06, 2.7351089600634315e-13, 1.5519882268222318e-08, 2.564903844870514e-08, 0.9984509944915771, 1.0354259919761024e-15, 2.0362349501847066e-13, 0.9853034019470215, 4.831736139659926e-13, 4.0847544369171374e-07, 0.0006402568542398512, 2.9344357432376173e-15, 0.0006866182084195316, 4.22894709117827e-06, 0.0031818030402064323, 0.08578978478908539, 0.017967959865927696, 0.03490007296204567, 8.605848780991743e-13, 0.017967959865927696, 0.08578978478908539, 3.1295026570177242e-09, 7.947583924305945e-08, 0.0073540713638067245, 6.094077775742335e-08, 0.0009588022949174047, 1.6058440451161005e-05]","[11, 14]","['N', 'N']"
Fc1cc2nc3c4cccnc4c4ncccc4c3nc2cc1F,"[2.2344235836579962e-12, 2.3799332211638102e-06, 1.661343389969261e-06, 1.0014944109570934e-06, 0.0015185803640633821, 1.0502748670759843e-10, 1.6882705303200574e-11, 4.6673851450407255e-09, 7.816611941047213e-12, 7.218726238988893e-08, 0.9628499746322632, 7.081625952309878e-09, 7.081625952309878e-09, 0.9628499746322632, 7.218712738676913e-08, 7.816611941047213e-12, 4.6673851450407255e-09, 1.6882705303200574e-11, 1.0502748670759843e-10, 0.0015185810625553131, 1.0014944109570934e-06, 1.661343389969261e-06, 2.3799332211638102e-06, 2.2344235836579962e-12]","[10, 13]","['N', 'N']"
[O-]c1ccccc1/C=N/N(c1ccccc1)c1cccc(N(/N=C/c2ccccc2O)c2ccccc2)n1,"[0.9992247819900513, 3.220359758415725e-06, 4.1623647462074587e-07, 8.014737318262632e-07, 5.147665405047519e-09, 2.959394578283536e-07, 1.612987216503825e-05, 4.536559572443366e-06, 0.9998050332069397, 6.713465694474507e-08, 1.134679763481472e-07, 1.43376128107775e-05, 0.00021108864166308194, 0.0004909816198050976, 0.00021108864166308194, 1.43376128107775e-05, 2.454797216194793e-12, 5.324095582182053e-07, 9.138823742205204e-08, 5.324095582182053e-07, 1.8866085156332701e-06, 0.0022349131759256124, 0.8742439150810242, 0.001284904545173049, 0.00011775481834774837, 0.0001113022881327197, 0.0002791901642922312, 0.029646428301930428, 6.306823343038559e-05, 0.00033418298698961735, 0.262062668800354, 0.00913822278380394, 1.4337600077851675e-05, 0.00021108864166308194, 0.0004909818526357412, 0.00021108864166308194, 1.4337600077851675e-05, 0.9778969287872314]","[0, 8, 22, 37]","['O', 'N', 'N', 'N']"
[BH3-]C#N,"[9.07647110799181e-21, 0.0015745267737656832, 0.9944538474082947]",[2],['N']
CC(C)(C)n1c(-c2ccccc2)[n+](C(C)(C)C)[si-]1-n1cccc1Cc1cccn1-[si-]1n(C(C)(C)C)c(-c2ccccc2)[n+]1C(C)(C)C,"[6.82851952066299e-12, 5.267228786465239e-08, 6.82851952066299e-12, 6.82851952066299e-12, 7.909707733233518e-07, 7.75836817012987e-09, 1.818098005479385e-09, 3.6670442113972967e-06, 1.0922307183136581e-06, 2.6814475404535187e-06, 1.0922307183136581e-06, 3.6670442113972967e-06, 9.262436151402653e-08, 5.447676585390582e-07, 3.703875400828949e-11, 3.703875400828949e-11, 3.703868461935045e-11, 0.9999933242797852, 8.83702978171641e-06, 1.0237022252113093e-05, 2.2001418642503268e-07, 2.160713847842999e-06, 2.1750247469753958e-05, 2.894001340791874e-07, 2.1750247469753958e-05, 2.160713847842999e-06, 2.2001418642503268e-07, 1.0237022252113093e-05, 8.83702978171641e-06, 0.9999933242797852, 7.909692385510425e-07, 5.267228786465239e-08, 6.82851952066299e-12, 6.82851952066299e-12, 6.82851952066299e-12, 7.75836817012987e-09, 1.8180910110743298e-09, 3.6670476220024284e-06, 1.0922307183136581e-06, 2.6814475404535187e-06, 1.0922307183136581e-06, 3.6670476220024284e-06, 9.262436151402653e-08, 5.447676585390582e-07, 3.703875400828949e-11, 3.703875400828949e-11, 3.703875400828949e-11]","[17, 29]","['Si', 'Si']"
CC(C)(C)n1c(-c2ccccc2)[n+](C(C)(C)C)[si-]1-n1cccc1C(c1ccccc1)c1cccn1-[si-]1n(C(C)(C)C)c(-c2ccccc2)[n+]1C(C)(C)C,"[8.568068129988227e-12, 5.3282704470802855e-08, 8.568068129988227e-12, 8.568068129988227e-12, 7.275668849615613e-07, 4.5016381733375965e-09, 2.4313207003245907e-09, 3.6670442113972967e-06, 1.0922307183136581e-06, 2.6814475404535187e-06, 1.0922307183136581e-06, 3.6670442113972967e-06, 8.188473543668806e-08, 6.465994033533207e-07, 3.2448675690854856e-11, 3.2448675690854856e-11, 3.2448675690854856e-11, 0.9999949932098389, 4.667722350859549e-06, 1.3067155123280827e-05, 1.4639554137829691e-06, 2.394521470705513e-05, 5.140607026987709e-05, 0.0001174102580989711, 0.0004055631870869547, 0.00014132198703009635, 8.997197369353671e-07, 0.0014922722475603223, 8.997197369353671e-07, 0.00014132198703009635, 5.140607026987709e-05, 2.394521470705513e-05, 1.4639554137829691e-06, 1.306716694671195e-05, 4.667722350859549e-06, 0.9999949932098389, 7.275668849615613e-07, 5.3282704470802855e-08, 8.568084609861248e-12, 8.568084609861248e-12, 8.568084609861248e-12, 4.501629735642609e-09, 2.4313207003245907e-09, 3.6670442113972967e-06, 1.0922307183136581e-06, 2.6814475404535187e-06, 1.0922307183136581e-06, 3.6670442113972967e-06, 8.188473543668806e-08, 6.465994033533207e-07, 3.2448675690854856e-11, 3.2448675690854856e-11, 3.2448675690854856e-11]","[17, 35]","['Si', 'Si']"
CC(c1cccn1-[si-]1n(C(C)(C)C)c(-c2ccccc2)[n+]1C(C)(C)C)c1cccn1-[si-]1n(C(C)(C)C)c(-c2ccccc2)[n+]1C(C)(C)C,"[6.969059444111858e-12, 5.288818647386506e-05, 2.6060610252898186e-05, 9.578694516676478e-06, 2.437468538118992e-06, 2.035963007074315e-05, 3.0415151286433684e-06, 0.9999933242797852, 6.187206054164562e-07, 5.411734349536346e-08, 8.568084609861248e-12, 8.568084609861248e-12, 8.568084609861248e-12, 8.715085542121415e-09, 2.4313207003245907e-09, 3.6670442113972967e-06, 1.0922307183136581e-06, 2.6814475404535187e-06, 1.0922307183136581e-06, 3.6670442113972967e-06, 1.0290549568026108e-07, 5.063295702711912e-07, 3.2448675690854856e-11, 3.2448675690854856e-11, 3.2448675690854856e-11, 2.606058660603594e-05, 9.578694516676478e-06, 2.437468538118992e-06, 2.035965007962659e-05, 3.0415151286433684e-06, 0.9999933242797852, 6.187206054164562e-07, 5.411734349536346e-08, 8.568084609861248e-12, 8.568084609861248e-12, 8.568084609861248e-12, 8.715085542121415e-09, 2.4313207003245907e-09, 3.6670476220024284e-06, 1.0922307183136581e-06, 2.6814475404535187e-06, 1.0922307183136581e-06, 3.6670476220024284e-06, 1.0290549568026108e-07, 5.063295702711912e-07, 3.2448675690854856e-11, 3.2448675690854856e-11, 3.2448675690854856e-11]","[7, 30]","['Si', 'Si']"
CC(C)[N+](=C/[C]=C1/C2=[C]c3ccccc3C(c3cccc(F)c3)=C[C@@]2(O)c2ccccc21)C(C)C,"[2.6266816846587382e-11, 2.0774230506503955e-05, 2.6266816846587382e-11, 0.000157797709107399, 0.0010203822748735547, 1.0, 6.842942879003999e-11, 9.64896429422879e-09, 1.0, 2.8334454782452667e-07, 8.329454459499175e-09, 9.444910915590299e-07, 1.1895646139237215e-06, 4.144303238717839e-05, 4.097516921319766e-07, 0.0001801974867703393, 2.530254096200224e-05, 3.634584800238372e-06, 1.4895845197315793e-05, 0.0057652052491903305, 4.161248944001272e-05, 3.631910744372746e-11, 5.981851700198604e-06, 4.593507583194878e-06, 2.0536695391705666e-21, 4.501526564126834e-05, 9.145324497694673e-09, 7.467349655287947e-11, 5.170038548385492e-07, 1.0381610593412915e-07, 1.3735438187723048e-05, 5.458006491210199e-09, 2.0774252334376797e-05, 2.6266863684121233e-11, 2.6266816846587382e-11]","[5, 8]","['C', 'C']"
[C]#Cc1ccc(N(C)C)cc1,"[0.9998286962509155, 7.66917673900025e-06, 9.133211104317114e-16, 2.289048417188121e-23, 2.17714662885288e-30, 5.748987046342196e-22, 1.390069243158858e-37, 2.8485747831721864e-13, 2.8485747831721864e-13, 2.17714662885288e-30, 2.289048417188121e-23]",[0],['C']
CC(C)c1cccc(C(C)C)c1N1[C]N(c2c(C(C)C)cccc2C(C)C)C(=O)C(C)(C)C1,"[3.458151473512139e-11, 2.1006762835895643e-05, 3.458151473512139e-11, 5.8428224292583764e-05, 2.668004697170545e-07, 3.6336562061478617e-06, 2.668004697170545e-07, 5.8428224292583764e-05, 2.100678284477908e-05, 3.458151473512139e-11, 3.458151473512139e-11, 4.052161784784403e-06, 2.4254865138573223e-07, 1.0, 4.201159697903023e-10, 1.175464058178477e-05, 1.2819122275686823e-05, 2.1114354240125977e-05, 3.75090375426268e-11, 3.75090375426268e-11, 3.634154666087852e-07, 3.092932820436545e-05, 3.634154666087852e-07, 1.2819122275686823e-05, 2.1114354240125977e-05, 3.75090375426268e-11, 3.75090375426268e-11, 1.7621106795928654e-09, 3.9894188375910744e-05, 7.416268710258578e-10, 1.897604252551477e-12, 1.897604252551477e-12, 2.6619867768418182e-11]",[13],['C']
COc1ccc(-c2c3nc(c(O)c4ccc([n-]4)c(-c4c(C)cc(C)cc4C)c4nc(cc5ccc2[n-]5)C=C4)C=C3)cc1,"[4.144037543674095e-12, 3.9181475585792214e-05, 4.0894696483328996e-14, 4.451045951450771e-19, 3.0625757950187774e-20, 1.7325463286255172e-09, 4.824831940225538e-12, 1.2771746584849895e-14, 0.9999983310699463, 3.2075479215392185e-18, 1.678183857340993e-14, 1.2859941307397094e-06, 4.8190048956495146e-14, 1.844628094715972e-08, 4.764745931140624e-09, 9.964483682622927e-10, 0.9999995231628418, 3.724199074128798e-11, 5.0073112323190117e-11, 7.91472429247746e-24, 3.2514252285575017e-28, 2.756557419347944e-19, 1.6562702598310608e-11, 6.623311382854269e-13, 2.756557419347944e-19, 7.91472429247746e-24, 3.2514252285575017e-28, 4.447810769492918e-16, 0.9999998807907104, 1.5103775147941297e-18, 9.81984892706178e-13, 9.759378940025435e-15, 1.5984240597788357e-09, 2.4439157364497532e-09, 1.0632816155320413e-10, 0.9999998807907104, 2.3762465772847463e-08, 5.986086648590572e-08, 2.9409966018079103e-08, 6.826136456083987e-08, 3.0625757950187774e-20, 4.451045951450771e-19]","[8, 16, 28, 35]","['N', 'N', 'N', 'N']"
COc1cccc(OC)c1-c1c2nc(cc3ccc([n-]3)c(-c3c(C)cc(C)cc3C)c3nc(c(OC(C)=O)c4ccc1[n-]4)C=C3)C=C2,"[4.4954341381611067e-17, 3.494058341269035e-12, 6.593559959262557e-22, 5.190700618835608e-17, 4.522234149650917e-12, 5.190700618835608e-17, 6.593559959262557e-22, 3.494058341269035e-12, 4.4954166019321205e-17, 9.175821213958102e-11, 4.4280595856704963e-10, 6.191118924390147e-16, 0.9999991655349731, 2.325875710799464e-16, 1.471614843873148e-11, 3.794835505674301e-15, 3.37896359781098e-08, 6.009375663751371e-09, 6.945747449416118e-11, 0.9999998807907104, 1.1495192991928249e-10, 1.0544599915451869e-10, 1.8289627753756255e-21, 3.2514252285575017e-28, 2.756557419347944e-19, 1.6562702598310608e-11, 6.623311382854269e-13, 2.756557419347944e-19, 1.8289627753756255e-21, 3.2514252285575017e-28, 1.5178921894355366e-14, 0.9999980926513672, 1.2293066918479241e-17, 4.4440399277201337e-11, 4.929819041876726e-08, 1.2692061990191381e-23, 4.96510044907807e-35, 1.1176786059163835e-11, 1.8953894985636321e-13, 2.1965371743704054e-08, 2.3752484423766873e-09, 4.6294978961469724e-10, 0.9999985694885254, 5.50752510264374e-08, 1.7420695996861468e-07, 3.7293940380322965e-08, 4.539301556860664e-08]","[12, 19, 31, 42]","['N', 'N', 'N', 'N']"
COc1ccc(-c2c3nc(c(OC(C)=O)c4ccc([n-]4)c(-c4c(C)cc(C)cc4C)c4nc(c(OC(C)=O)c5ccc2[n-]5)C=C4)C=C3)cc1,"[4.144037543674095e-12, 3.9181475585792214e-05, 4.0894696483328996e-14, 4.451045951450771e-19, 1.6527816297509634e-24, 3.776675847055877e-11, 2.8555913189620696e-10, 7.17038462026004e-15, 0.9999990463256836, 2.114947632448647e-17, 6.983386308459516e-13, 4.929819041876726e-08, 1.26921101107066e-23, 4.96510044907807e-35, 1.1176786059163835e-11, 2.767385048874603e-14, 3.6622520127593816e-08, 8.882132362941775e-08, 1.4196185893489144e-10, 0.9999995231628418, 7.402249369015124e-10, 1.7264649779247243e-11, 3.5978365083831995e-26, 3.2514252285575017e-28, 2.756557419347944e-19, 1.6562702598310608e-11, 6.623311382854269e-13, 2.756557419347944e-19, 3.5978365083831995e-26, 3.2514252285575017e-28, 1.431017271639936e-14, 0.9999994039535522, 1.2293066918479241e-17, 2.0458322536054396e-12, 4.929819041876726e-08, 1.2692061990191381e-23, 4.96510044907807e-35, 1.1176786059163835e-11, 7.294384822727207e-14, 1.9563020092761008e-09, 5.539203939974868e-08, 1.3777430585282247e-10, 0.9999991655349731, 5.50752510264374e-08, 2.2857594217384758e-07, 5.500699007399135e-09, 2.8393392881298496e-07, 1.6527816297509634e-24, 4.451045951450771e-19]","[8, 19, 31, 42]","['N', 'N', 'N', 'N']"
Cc1ccc2cccc([Si-](C)C)c2n1,"[3.584294878722404e-15, 2.547110398154473e-06, 4.783041163136659e-07, 9.161831258097664e-06, 5.348094873625087e-07, 3.24563785625287e-07, 2.385991137998644e-07, 6.311636298050871e-06, 7.687739707762375e-05, 0.9999998807907104, 2.908345857912764e-16, 2.908345857912764e-16, 1.0739220215327805e-06, 0.9516498446464539]","[9, 13]","['Si', 'N']"
[NH3+]NC(=O)c1cc[nH]n1,"[2.008746741921641e-05, 0.00022800655278842896, 8.790619904175401e-05, 0.7836363911628723, 9.737898835737724e-06, 0.0023300061002373695, 0.0005866308929398656, 0.00012672808952629566, 0.9824733734130859]","[3, 8]","['O', 'N']"
c1ccc2nc(CN3CCSCCSCCSCC3)ccc2c1,"[0.00020990989287383854, 1.832429006753955e-05, 4.794167398358695e-05, 4.874743719796015e-09, 0.8882924914360046, 1.247502368073583e-08, 4.149801835495737e-09, 0.9006105065345764, 2.6259379115600723e-09, 1.0057875643454395e-09, 0.8570780158042908, 2.770612628211211e-10, 1.4988964514017766e-09, 0.7902979254722595, 1.4988964514017766e-09, 2.770612628211211e-10, 0.8570780158042908, 1.0057875643454395e-09, 2.6259379115600723e-09, 1.6345742537282604e-08, 1.2351882183736507e-08, 7.165457560631694e-09, 4.362440449767746e-05]","[4, 7, 10, 13, 16]","['N', 'N', 'S', 'S', 'S']"
CCOC(=O)c1ccc(-c2cc(-c3[c]cccc3)nc(-c3[c]cccc3)c2)cc1,"[4.776558489016924e-12, 4.574511649479973e-07, 0.00014910796016920358, 5.5591994168935344e-05, 0.005551119800657034, 0.009074535220861435, 2.401125811957172e-06, 2.808771455420356e-07, 2.1125642061430375e-14, 1.188129505891311e-08, 4.551771112804026e-11, 3.321354996588255e-11, 5.478875131359473e-10, 1.0, 8.650674065968644e-10, 7.431331244811545e-11, 1.0494703994723409e-09, 8.330986595028733e-11, 0.9996837377548218, 3.321354996588255e-11, 5.478875131359473e-10, 1.0, 8.650674065968644e-10, 7.431331244811545e-11, 1.0494703994723409e-09, 8.330986595028733e-11, 4.551771112804026e-11, 2.808771455420356e-07, 2.401125811957172e-06]","[13, 18, 21]","['C', 'N', 'C']"
Cc1cc(C(C)(C)C)cc(C)c1NC1c2ccccc2Cc2ccccc21,"[1.4668320724720019e-10, 0.007538677658885717, 0.0014424200635403395, 0.0018073914106935263, 1.317378405474301e-06, 1.855391187910449e-11, 1.855391187910449e-11, 1.855391187910449e-11, 0.0014424200635403395, 0.007538677658885717, 1.4668320724720019e-10, 0.08719854801893234, 0.8508657217025757, 3.733456105692312e-05, 0.20028594136238098, 0.10404075682163239, 0.02517639473080635, 0.10470154136419296, 0.06049225479364395, 0.04657428711652756, 1.2152091812822619e-06, 0.04657428711652756, 0.06049225479364395, 0.10470154136419296, 0.025176402181386948, 0.10404075682163239, 0.20028594136238098]",[12],['N']
O=Cc1c([O-])cccc1Cl,"[0.9018247723579407, 0.002289067255333066, 0.0018093858379870653, 0.00021036993712186813, 0.9979797005653381, 9.137141023529693e-05, 0.000140652759000659, 0.00025392702082172036, 0.0013205261202529073, 1.087801959620549e-09]","[0, 4]","['O', 'O']"
Cc1ccc(-c2c3nc(c(-c4ccc(C)cc4)c4[n-]c(cc4/C=C/C=C(C#N)C#N)c4cc(/C=C/C=C(C#N)C#N)c([n-]4)c(-c4ccc(C)cc4)c4ccc2[n-]4)C=C3)cc1,"[2.559033443049613e-13, 2.0814706430888688e-14, 7.392247370302883e-21, 9.020564670336796e-26, 1.3909747377353898e-13, 1.0069669554977788e-15, 4.344988995333421e-14, 0.9999990463256836, 1.7066127354759275e-17, 7.606174262479726e-13, 4.213359439120268e-09, 1.8366695056672698e-19, 1.3646375018492793e-14, 2.179588757741935e-12, 2.5590383219593893e-13, 1.3646375018492793e-14, 1.8366695056672698e-19, 1.1940212707450826e-10, 0.999976396560669, 1.2700030939362534e-19, 7.639123708602646e-12, 1.6008595338234954e-08, 6.96575443726033e-05, 7.080834620865062e-05, 0.0002987845509778708, 0.013104738667607307, 0.03251681849360466, 0.1041947677731514, 0.03251681849360466, 0.1041947677731514, 1.786507205370523e-20, 8.568643739697863e-15, 1.8021695780134905e-07, 9.010673966258764e-05, 2.8121994546381757e-05, 0.0002987845509778708, 0.013104738667607307, 0.03251681849360466, 0.1041947677731514, 0.03251681849360466, 0.1041947677731514, 5.1059059757996295e-11, 0.9999992847442627, 1.510846656116449e-11, 4.181171391337557e-07, 8.450644679276225e-23, 3.7777172188754645e-24, 3.605928702796355e-19, 2.559033443049613e-13, 3.777702624948718e-24, 8.450612493751292e-23, 2.2172496857205543e-13, 2.29084126668333e-10, 2.633290178792602e-13, 1.041121992084856e-14, 1.0, 7.833339310536758e-09, 3.247937740979978e-08, 9.020564670336796e-26, 7.392247370302883e-21]","[7, 18, 42, 55]","['N', 'N', 'N', 'N']"
Cc1ccc(-c2c3nc(c(-c4ccc(C)cc4)c4[n-]c(cc4C=C(C#N)C#N)c4cc(C=C(C#N)C#N)c([n-]4)c(-c4ccc(C)cc4)c4ccc2[n-]4)C=C3)cc1,"[2.559033443049613e-13, 2.0814706430888688e-14, 7.392247370302883e-21, 9.020564670336796e-26, 1.3909747377353898e-13, 1.0069669554977788e-15, 4.344988995333421e-14, 0.9999994039535522, 8.862812611129002e-18, 1.6006113264226823e-13, 5.852661022487382e-09, 1.424293097541968e-23, 1.3646375018492793e-14, 2.179588757741935e-12, 2.5590383219593893e-13, 1.3646375018492793e-14, 1.424293097541968e-23, 3.6480471421462823e-10, 0.9999723434448242, 4.759396588708092e-20, 3.890550208385246e-12, 2.1268287753173354e-07, 0.0002002264081966132, 0.00036455129156820476, 8.046328730415553e-06, 0.0777919739484787, 8.046328730415553e-06, 0.0777919739484787, 4.9591190244915935e-20, 1.0469081588508448e-15, 6.08256357281789e-07, 0.00025672235642559826, 0.00014414751785807312, 8.046328730415553e-06, 0.0777919739484787, 8.046328730415553e-06, 0.0777919739484787, 1.9111692783901901e-10, 0.9999985694885254, 1.7134305042507125e-12, 8.248800327237404e-07, 1.6577232069949194e-27, 3.7777172188754645e-24, 3.605928702796355e-19, 2.559033443049613e-13, 3.777702624948718e-24, 1.6577232069949194e-27, 1.039182168051031e-13, 4.430340816430345e-10, 2.633290178792602e-13, 1.041121992084856e-14, 1.0, 1.1545611577901127e-08, 3.247937740979978e-08, 9.020564670336796e-26, 7.392247370302883e-21]","[7, 18, 38, 51]","['N', 'N', 'N', 'N']"
Nc1ccc(C(=O)[O-])cc1[N+](=O)[O-],"[0.062075890600681305, 0.0013695445377379656, 4.5255572331370786e-05, 0.00010179598029935732, 0.000807242002338171, 7.63501702749636e-06, 0.3447928726673126, 0.6580250859260559, 0.00014114448276814073, 0.00014755806478206068, 1.2488245602071402e-06, 0.0014424765249714255, 0.0033571734093129635]",[7],['O']
Nc1ccc(C(=O)O)cc1[N+](=O)[O-],"[0.8226631283760071, 0.006647955160588026, 0.003241776255890727, 0.01069586630910635, 0.009934453293681145, 6.993529677856714e-05, 0.05084440857172012, 0.010513866320252419, 0.020782887935638428, 0.007276112213730812, 7.745249604340643e-06, 0.013285033404827118, 0.038052693009376526]",[0],['N']
C[C@]1([O-])[C@@H]([O-])CCC[C@]1(C)c1ccccc1,"[6.133873790836741e-17, 1.2479007763114072e-14, 0.9997370839118958, 2.576784705748958e-12, 0.9999834299087524, 2.36835620559539e-11, 1.8359994635730459e-09, 1.1296129587279324e-09, 7.682604010426919e-13, 5.306664396104166e-13, 0.0002773005689959973, 3.001314507855568e-05, 1.5867255569901317e-05, 0.0002120753488270566, 1.5867255569901317e-05, 3.001314507855568e-05]","[2, 4]","['O', 'O']"
C/C(=N\CCCNCCC/N=C(\C)C(C)(C)[S+](=O)=O)C(C)(C)[S-],"[7.714795141833481e-16, 1.0349582169055793e-07, 0.9995835423469543, 2.2797586301387396e-12, 9.613871385181355e-14, 2.268928100956913e-11, 0.9981343150138855, 2.367949586412621e-11, 2.4141601549467666e-15, 3.920362823842073e-15, 0.9999363422393799, 4.101173622927945e-09, 7.592439962053176e-15, 9.521928384659262e-11, 3.067098170491528e-14, 3.067098170491528e-14, 0.9978177547454834, 0.004063092637807131, 0.004063092637807131, 1.8222675590706672e-09, 1.2911290688932126e-13, 1.2911290688932126e-13, 0.9999998807907104]","[2, 6, 10, 16, 22]","['N', 'N', 'N', 'S', 'S']"
C/C(=N\CCCNCCC/N=C(\C)C(C)(C)[S+](=O)=O)C(C)(C)[S+]=O,"[1.3137038860715732e-14, 1.0433715225133255e-08, 0.9999265670776367, 3.265780929104928e-14, 3.8602018852468625e-15, 2.935886256327791e-11, 0.9981343150138855, 2.367949586412621e-11, 2.4141601549467666e-15, 3.920362823842073e-15, 0.9999363422393799, 4.101173622927945e-09, 7.592439962053176e-15, 9.521928384659262e-11, 3.067098170491528e-14, 3.067098170491528e-14, 0.9978177547454834, 0.004063092637807131, 0.004063092637807131, 4.902970029974085e-09, 1.0630934338135695e-13, 1.0630934338135695e-13, 0.9998608827590942, 0.03984934836626053]","[2, 6, 10, 16, 22]","['N', 'N', 'N', 'S', 'S']"
Cc1cccnc1C,"[1.732117487635021e-12, 0.0010415267897769809, 0.0019287640461698174, 0.003508014604449272, 0.000502036593388766, 0.9742326736450195, 6.873664824524894e-05, 1.463072284851874e-12]",[5],['N']
FC(F)(F)c1ccc([CH]c2c(CP(c3ccccc3)c3ccccc3)cccc2CP(c2ccccc2)c2ccccc2)cc1,"[3.225049047261841e-11, 4.2513147491263226e-07, 3.225049047261841e-11, 3.225049047261841e-11, 0.00019305571913719177, 6.897197454236448e-05, 0.0025841835886240005, 0.0007327232742682099, 0.9996391534805298, 0.10665898770093918, 0.010865685530006886, 3.9132652318585315e-07, 0.9967873096466064, 1.4119315210336936e-06, 3.751260280182578e-08, 4.990137369986769e-08, 2.4347420080061966e-08, 4.990137369986769e-08, 3.751260280182578e-08, 1.4119315210336936e-06, 3.751260280182578e-08, 4.990137369986769e-08, 2.4347420080061966e-08, 4.990137369986769e-08, 3.751260280182578e-08, 0.0005249339737929404, 3.466815542196855e-05, 0.0005249339737929404, 0.010865685530006886, 3.9132652318585315e-07, 0.9967873096466064, 1.4119315210336936e-06, 3.751260280182578e-08, 4.990137369986769e-08, 2.4347420080061966e-08, 4.990137369986769e-08, 3.751260280182578e-08, 1.4119315210336936e-06, 3.751260280182578e-08, 4.990137369986769e-08, 2.4347420080061966e-08, 4.990137369986769e-08, 3.751259569639842e-08, 0.002584183821454644, 6.897197454236448e-05]","[8, 12, 30]","['C', 'P', 'P']"
Cc1cc(C)c(CP(c2ccccc2)c2ccccc2)c([CH]c2ccccc2)c1CP(c1ccccc1)c1ccccc1,"[4.980357557024702e-14, 0.0011422422248870134, 3.908478174707852e-05, 0.0011422422248870134, 4.980357557024702e-14, 0.004310954827815294, 3.374504160547076e-07, 0.9970145225524902, 2.065495209535584e-06, 1.4225057043404377e-07, 6.392460960569224e-08, 2.4347420080061966e-08, 6.392460960569224e-08, 1.4225057043404377e-07, 2.065495209535584e-06, 1.4225057043404377e-07, 6.392460960569224e-08, 2.4347420080061966e-08, 6.392460960569224e-08, 1.4225057043404377e-07, 0.08329647779464722, 0.9997784495353699, 0.0012452969094738364, 0.0019805997144430876, 4.306321716285311e-05, 6.726322317263111e-05, 4.306317714508623e-05, 0.0019805997144430876, 0.004310954827815294, 3.374504160547076e-07, 0.9970145225524902, 2.065495209535584e-06, 1.4225057043404377e-07, 6.392460960569224e-08, 2.4347420080061966e-08, 6.392460960569224e-08, 1.4225057043404377e-07, 2.065495209535584e-06, 1.4225057043404377e-07, 6.392460960569224e-08, 2.4347420080061966e-08, 6.392460960569224e-08, 1.4225057043404377e-07]","[7, 21, 30]","['P', 'C', 'P']"
[CH2]/C(=C(\[CH]c1ccccc1)c1ccccc1)c1ccccc1,"[0.999998927116394, 0.19458948075771332, 0.08899665623903275, 0.9998830556869507, 0.0025109094567596912, 0.0010048795957118273, 1.5048135537654161e-05, 0.0001952445600181818, 1.5048135537654161e-05, 0.0010048795957118273, 0.00021323308465071023, 0.00010820887109730393, 1.6044642734414083e-06, 3.166436783885729e-07, 1.6044642734414083e-06, 0.00010820887109730393, 0.0003380474227014929, 0.00027652966673485935, 2.452732587698847e-06, 4.214880533481846e-08, 2.452732587698847e-06, 0.00027652992866933346]","[0, 3]","['C', 'C']"
CCSCCSCC,"[1.8390851348585886e-15, 1.1111887410208965e-08, 0.9649761319160461, 3.7439189526367045e-08, 3.7439189526367045e-08, 0.9649761319160461, 1.1111887410208965e-08, 1.8390851348585886e-15]","[2, 5]","['S', 'S']"
COc1ccccc1CCP(c1ccccc1)c1ccccc1,"[1.1564498273927692e-12, 0.022282056510448456, 0.01724141277372837, 0.013233122415840626, 0.00048724509542807937, 0.013429158367216587, 0.006765612866729498, 0.0394882895052433, 4.851792709814617e-07, 1.567168368410421e-07, 0.9986938834190369, 2.5547419681970496e-06, 1.9471107748358918e-07, 8.022516340133734e-08, 1.058925747088324e-07, 8.022516340133734e-08, 1.9471107748358918e-07, 2.5547419681970496e-06, 1.9471107748358918e-07, 8.022516340133734e-08, 1.058925747088324e-07, 8.022516340133734e-08, 1.9471107748358918e-07]",[10],['P']
O/N=C/c1cccnc1,"[0.0024166360963135958, 0.006415452342480421, 1.5728035577922128e-05, 3.6474600051406014e-07, 1.2841660463891458e-05, 1.1468000593595207e-05, 4.459589399630204e-05, 0.7053206562995911, 3.954231431180233e-07]",[7],['N']
[C]#[N+]c1ccc(Cl)cc1,"[0.9999879598617554, 3.362269126228057e-05, 1.989261958824408e-14, 8.923766619889845e-20, 4.093391008538037e-16, 8.11037011611308e-15, 1.5332197196688695e-19, 4.093391008538037e-16, 8.923766619889845e-20]",[0],['C']
COc1ccc(/C=N/NC(=O)c2cc[nH+]cc2)c([O-])c1,"[9.502360920690678e-13, 3.0301749998074e-10, 1.928571151665892e-07, 5.541747949422415e-09, 2.211637806226463e-08, 8.337749932252336e-06, 1.6511887679371284e-07, 0.9998387098312378, 8.970032183697185e-08, 9.475000695147173e-08, 0.8645034432411194, 2.794418378471164e-06, 2.8271315386518836e-06, 5.5846616220378564e-08, 6.806685632909648e-07, 5.5846616220378564e-08, 2.8271315386518836e-06, 7.760930884614936e-07, 0.9998136162757874, 3.0283786145446356e-07]","[7, 10, 18]","['N', 'O', 'O']"
O=C(N/N=C/c1ccc(O)cc1[O-])c1cc[nH+]cc1,"[0.8645034432411194, 9.475000695147173e-08, 8.970032183697185e-08, 0.9997579455375671, 1.8738668927653634e-07, 6.590691100427648e-06, 1.1407489175496721e-08, 2.3605923882286106e-09, 9.482540264116324e-08, 3.6251042168089498e-09, 1.4408738024940249e-07, 3.8795545265202236e-07, 0.9997935891151428, 2.794418378471164e-06, 2.8271315386518836e-06, 5.5846616220378564e-08, 6.806685632909648e-07, 5.5846616220378564e-08, 2.8271315386518836e-06]","[0, 3, 12]","['O', 'N', 'O']"
[O-]c1c(F)cc(F)cc1/C=N/CCC/N=C/c1cc(F)cc(F)c1[O-],"[0.9999619722366333, 6.995508528007122e-08, 4.832206634830527e-09, 4.1463010108655496e-11, 6.617699443989267e-11, 2.347878141906179e-11, 3.6656684869321773e-16, 6.115788431237945e-10, 7.932076329097981e-08, 4.903954220480955e-08, 0.9999895095825195, 7.026373009973233e-19, 6.045075091811337e-15, 7.026373009973233e-19, 0.9999895095825195, 4.903954220480955e-08, 7.932076329097981e-08, 6.115788431237945e-10, 2.347878141906179e-11, 3.6656684869321773e-16, 6.617699443989267e-11, 4.832206634830527e-09, 4.1463010108655496e-11, 6.995508528007122e-08, 0.9999619722366333]","[0, 10, 14, 24]","['O', 'N', 'N', 'O']"
CCN(CC)c1ccc(/C=N/c2ccc([N+](=O)[O-])cc2)c([O-])c1,"[3.193358988698436e-12, 1.3137730014989302e-08, 4.581907475653679e-08, 1.3137730014989302e-08, 3.193358988698436e-12, 8.79921735474909e-09, 3.321524744137605e-08, 9.146580737251497e-07, 9.086709906114265e-05, 0.00033013636129908264, 0.9978864789009094, 1.6744573392776796e-12, 1.4076597526502255e-11, 7.690991843389838e-09, 9.176226285489975e-07, 1.992838605247016e-07, 0.0004434094298630953, 0.00013924197992309928, 7.690991843389838e-09, 1.4076597526502255e-11, 2.975750066980254e-05, 0.9995983242988586, 1.9075023374170996e-06]","[10, 21]","['N', 'O']"
CCO/C(=C(C(=[C]/c1ccccc1)/c1ccccc1)\c1ccccc1)c1ccccc1,"[5.404387874718974e-13, 1.6169431660273403e-07, 0.003752694232389331, 0.8448007702827454, 0.1860436052083969, 0.001552897272631526, 1.0, 5.813909956486896e-05, 2.39677192439558e-05, 1.5231452721309324e-07, 7.321301342955167e-10, 1.5231452721309324e-07, 2.39677192439558e-05, 0.00031032043625600636, 9.654624591348693e-05, 2.555819037297624e-06, 2.8815693440265022e-06, 2.555819037297624e-06, 9.654624591348693e-05, 0.18465185165405273, 0.21422870457172394, 0.0298237856477499, 0.006345108617097139, 0.02982379123568535, 0.21422870457172394, 0.0006921797757968307, 7.061818905640393e-05, 1.8343260421715968e-07, 6.88055733917281e-05, 1.8343260421715968e-07, 7.061818905640393e-05]","[3, 6]","['C', 'C']"
Clc1cnc2c(ccc3nc[n-]c32)c1,"[6.290765824923383e-11, 2.385361028700572e-07, 6.031045813870151e-07, 0.9059156775474548, 5.135181613269424e-09, 2.701694938878063e-07, 6.40841108179302e-07, 1.245560383722477e-07, 3.744679566430875e-10, 0.012087470851838589, 1.195377130613906e-10, 0.9997385144233704, 2.2370173269337101e-07, 6.346369332277391e-07]","[3, 11]","['N', 'N']"
CC(=O)C1=CNC=CC=C1,"[3.2459369393722515e-12, 0.006853318773210049, 0.23445260524749756, 0.3450250029563904, 0.48376360535621643, 0.13426664471626282, 0.6748138070106506, 0.8068755269050598, 0.927677571773529, 0.8952516913414001]","[6, 7, 8, 9]","['C', 'C', 'C', 'C']"
[C]N(CC)CC,"[1.0, 2.9968177841510624e-06, 1.2599567222881802e-11, 6.198376620319577e-15, 1.2599567222881802e-11, 6.198376620319577e-15]",[0],['C']
